Адрес,URL,Год постройки,Тип дома,Этажность,Строительная серия,Высота потолков,Газоснабжение,Отопление,Тип перекрытий,Подъездов,Количество лифтов,Мусоропроводов,Квартир,Реновация,Аварийность,Детская площадка,Спортивная площадка,Фонд капитального ремонта,realty_id
"Москва, улица Саморы Машела, 6",https://www.cian.ru/kalkulator-nedvizhimosti/?address=%D0%9C%D0%BE%D1%81%D0%BA%D0%B2%D0%B0%2C+%D1%83%D0%BB%D0%B8%D1%86%D0%B0+%D0%A1%D0%B0%D0%BC%D0%BE%D1%80%D1%8B+%D0%9C%D0%B0%D1%88%D0%B5%D0%BB%D0%B0%2C+6&totalArea=38.4&roomsCount=1&offerId=309089270&floor=floorOther&repairType=repairTypeDesign,2003,Панельный,22,КОПЭ,2.64,Отсутствует,Центральное,Другие,2,"4 пассажирских, 2 грузовых",2,166,Нет,Нет,Нет,Нет,На счете регионального оператора,1
"Москва, улица Бутлерова, 2К1",https://www.cian.ru/kalkulator-nedvizhimosti/?address=%D0%9C%D0%BE%D1%81%D0%BA%D0%B2%D0%B0%2C+%D1%83%D0%BB%D0%B8%D1%86%D0%B0+%D0%91%D1%83%D1%82%D0%BB%D0%B5%D1%80%D0%BE%D0%B2%D0%B0%2C+2%D0%9A1&totalArea=60.0&roomsCount=3&offerId=311850058&floor=floorOther&repairType=repairTypeDesign,1967,Панельный,9,,2.5,Центральное,Центральное,Железобетонные,4,4 пассажирских,4,144,Нет,Нет,Да,Да,На специальном счете у регионального оператора,2
"Москва, улица Обручева, 28К3",https://www.cian.ru/kalkulator-nedvizhimosti/?address=%D0%9C%D0%BE%D1%81%D0%BA%D0%B2%D0%B0%2C+%D1%83%D0%BB%D0%B8%D1%86%D0%B0+%D0%9E%D0%B1%D1%80%D1%83%D1%87%D0%B5%D0%B2%D0%B0%2C+28%D0%9A3&totalArea=52.5&roomsCount=3&offerId=307635407&floor=floorOther&repairType=repairTypeWithout,1966,,16,,2.65,Отсутствует,Центральное,Железобетонные,1,"1 пассажирский, 1 грузовой",1,111,Нет,Нет,Нет,Нет,На счете регионального оператора,3
"Москва, улица Академика Волгина, 25К1",https://www.cian.ru/kalkulator-nedvizhimosti/?address=%D0%9C%D0%BE%D1%81%D0%BA%D0%B2%D0%B0%2C+%D1%83%D0%BB%D0%B8%D1%86%D0%B0+%D0%90%D0%BA%D0%B0%D0%B4%D0%B5%D0%BC%D0%B8%D0%BA%D0%B0+%D0%92%D0%BE%D0%BB%D0%B3%D0%B8%D0%BD%D0%B0%2C+25%D0%9A1&totalArea=33.0&roomsCount=1&offerId=307458577&floor=floorOther&repairType=repairTypeWithout,1970,Панельный,9,II-57,2.64,Центральное,Центральное,Железобетонные,5,5 пассажирских,45,160,Нет,Нет,Да,Да,На специальном счете у регионального оператора,4
"Москва, улица Обручева, 28К7",https://www.cian.ru/kalkulator-nedvizhimosti/?address=%D0%9C%D0%BE%D1%81%D0%BA%D0%B2%D0%B0%2C+%D1%83%D0%BB%D0%B8%D1%86%D0%B0+%D0%9E%D0%B1%D1%80%D1%83%D1%87%D0%B5%D0%B2%D0%B0%2C+28%D0%9A7&totalArea=75.9&roomsCount=3&offerId=310793059&floor=floorOther&repairType=repairTypeCosmetic,2005,Панельный,17,П-44,2.75,Отсутствует,Центральное,Другие,3,"3 пассажирских, 3 грузовых",3,195,Нет,Нет,Нет,Нет,На счете регионального оператора,5
"Москва, улица Саморы Машела, 4К3",https://www.cian.ru/kalkulator-nedvizhimosti/?address=%D0%9C%D0%BE%D1%81%D0%BA%D0%B2%D0%B0%2C+%D1%83%D0%BB%D0%B8%D1%86%D0%B0+%D0%A1%D0%B0%D0%BC%D0%BE%D1%80%D1%8B+%D0%9C%D0%B0%D1%88%D0%B5%D0%BB%D0%B0%2C+4%D0%9A3&totalArea=81.1&roomsCount=3&offerId=309936581&floor=floorOne&repairType=repairTypeWithout,2002,Панельный,9,П-46М,2.64,Отсутствует,Центральное,Другие,4,"4 пассажирских, 4 грузовых",2,122,Нет,Нет,Нет,Нет,На счете регионального оператора,6
"Москва, Миклухо-Маклая улица, 27К1",https://www.cian.ru/kalkulator-nedvizhimosti/?address=%D0%9C%D0%BE%D1%81%D0%BA%D0%B2%D0%B0%2C+%D0%9C%D0%B8%D0%BA%D0%BB%D1%83%D1%85%D0%BE-%D0%9C%D0%B0%D0%BA%D0%BB%D0%B0%D1%8F+%D1%83%D0%BB%D0%B8%D1%86%D0%B0%2C+27%D0%9A1&totalArea=73.8&roomsCount=3&offerId=308129789&floor=floorOther&repairType=repairTypeWithout,1981,,16,,2.64,Отсутствует,Центральное,Другие,2,4 пассажирских,2,126,Нет,Нет,Нет,Нет,,7
"Москва, улица Саморы Машела, 8к3",https://www.cian.ru/kalkulator-nedvizhimosti/?address=%D0%9C%D0%BE%D1%81%D0%BA%D0%B2%D0%B0%2C+%D1%83%D0%BB%D0%B8%D1%86%D0%B0+%D0%A1%D0%B0%D0%BC%D0%BE%D1%80%D1%8B+%D0%9C%D0%B0%D1%88%D0%B5%D0%BB%D0%B0%2C+8%D0%BA3&totalArea=58.0&roomsCount=2&offerId=309527570&floor=floorOther&repairType=repairTypeWithout,2003,Панельный,22,КОПЭ,2.64,Отсутствует,Центральное,Другие,2,"4 пассажирских, 2 грузовых",2,166,Нет,Нет,Нет,Нет,На счете регионального оператора,8
"Москва, улица Саморы Машела, 4К2",https://www.cian.ru/kalkulator-nedvizhimosti/?address=%D0%9C%D0%BE%D1%81%D0%BA%D0%B2%D0%B0%2C+%D1%83%D0%BB%D0%B8%D1%86%D0%B0+%D0%A1%D0%B0%D0%BC%D0%BE%D1%80%D1%8B+%D0%9C%D0%B0%D1%88%D0%B5%D0%BB%D0%B0%2C+4%D0%9A2&totalArea=79.5&roomsCount=3&offerId=309254865&floor=floorOther&repairType=repairTypeEuro,2002,Панельный,14,П-46М,2.64,Отсутствует,Центральное,Железобетонные,3,"4 пассажирских, 2 грузовых",3,137,Нет,Нет,Нет,Нет,На счете регионального оператора,9
"Москва, улица Саморы Машела, 4К4",https://www.cian.ru/kalkulator-nedvizhimosti/?address=%D0%9C%D0%BE%D1%81%D0%BA%D0%B2%D0%B0%2C+%D1%83%D0%BB%D0%B8%D1%86%D0%B0+%D0%A1%D0%B0%D0%BC%D0%BE%D1%80%D1%8B+%D0%9C%D0%B0%D1%88%D0%B5%D0%BB%D0%B0%2C+4%D0%9A4&totalArea=55.2&roomsCount=2&offerId=308290049&floor=floorLast&repairType=repairTypeDesign,2002,Монолитный,9,П-46М,2.64,Отсутствует,Центральное,Другие,3,"6 пассажирских, 3 грузовых",3,87,Нет,Нет,Нет,Нет,На счете регионального оператора,10
"Москва, улица Саморы Машела, 2А",https://www.cian.ru/kalkulator-nedvizhimosti/?address=%D0%9C%D0%BE%D1%81%D0%BA%D0%B2%D0%B0%2C+%D1%83%D0%BB%D0%B8%D1%86%D0%B0+%D0%A1%D0%B0%D0%BC%D0%BE%D1%80%D1%8B+%D0%9C%D0%B0%D1%88%D0%B5%D0%BB%D0%B0%2C+2%D0%90&totalArea=120.0&roomsCount=3&offerId=309980787&floor=floorOther&repairType=repairTypeDesign,2018,Монолитный,7,,3,,,,,1 пассажирский,,,Нет,Нет,Нет,Нет,,11
"Москва, улица Академика Волгина, 23К1",https://www.cian.ru/kalkulator-nedvizhimosti/?address=%D0%9C%D0%BE%D1%81%D0%BA%D0%B2%D0%B0%2C+%D1%83%D0%BB%D0%B8%D1%86%D0%B0+%D0%90%D0%BA%D0%B0%D0%B4%D0%B5%D0%BC%D0%B8%D0%BA%D0%B0+%D0%92%D0%BE%D0%BB%D0%B3%D0%B8%D0%BD%D0%B0%2C+23%D0%9A1&totalArea=60.0&roomsCount=3&offerId=306765780&floor=floorOne&repairType=repairTypeCosmetic,1968,Панельный,9,II-57,2.64,Центральное,Центральное,Другие,7,10 пассажирских,Нет,251,Нет,Нет,Нет,Нет,,12
"Москва, улица Островитянова, 9К4",https://www.cian.ru/kalkulator-nedvizhimosti/?address=%D0%9C%D0%BE%D1%81%D0%BA%D0%B2%D0%B0%2C+%D1%83%D0%BB%D0%B8%D1%86%D0%B0+%D0%9E%D1%81%D1%82%D1%80%D0%BE%D0%B2%D0%B8%D1%82%D1%8F%D0%BD%D0%BE%D0%B2%D0%B0%2C+9%D0%9A4&totalArea=39.0&roomsCount=1&offerId=307912564&floor=floorLast&repairType=repairTypeEuro,2001,Монолитный,17,П-44Т,2.75,Отсутствует,Центральное,Железобетонные,6,"6 пассажирских, 6 грузовых",6,367,Нет,Нет,Да,Да,На специальном счете организации,13
"Москва, улица Обручева, 28к6",https://www.cian.ru/kalkulator-nedvizhimosti/?address=%D0%9C%D0%BE%D1%81%D0%BA%D0%B2%D0%B0%2C+%D1%83%D0%BB%D0%B8%D1%86%D0%B0+%D0%9E%D0%B1%D1%80%D1%83%D1%87%D0%B5%D0%B2%D0%B0%2C+28%D0%BA6&totalArea=41.0&roomsCount=1&offerId=311945204&floor=floorOther&repairType=repairTypeEuro,2005,Панельный,18,КОПЭ,2.64,Отсутствует,Центральное,Другие,2,"4 пассажирских, 2 грузовых",2,136,Нет,Нет,Нет,Нет,На счете регионального оператора,14
"Москва, улица Обручева, 28К2",https://www.cian.ru/kalkulator-nedvizhimosti/?address=%D0%9C%D0%BE%D1%81%D0%BA%D0%B2%D0%B0%2C+%D1%83%D0%BB%D0%B8%D1%86%D0%B0+%D0%9E%D0%B1%D1%80%D1%83%D1%87%D0%B5%D0%B2%D0%B0%2C+28%D0%9A2&totalArea=71.6&roomsCount=4&offerId=311912659&floor=floorOther&repairType=repairTypeCosmetic,1966,,16,,2.6,Отсутствует,Центральное,Другие,1,"1 пассажирский, 1 грузовой",1,111,Нет,Нет,Нет,Нет,На счете регионального оператора,15
"Москва, Миклухо-Маклая улица, 25",https://www.cian.ru/kalkulator-nedvizhimosti/?address=%D0%9C%D0%BE%D1%81%D0%BA%D0%B2%D0%B0%2C+%D0%9C%D0%B8%D0%BA%D0%BB%D1%83%D1%85%D0%BE-%D0%9C%D0%B0%D0%BA%D0%BB%D0%B0%D1%8F+%D1%83%D0%BB%D0%B8%D1%86%D0%B0%2C+25&totalArea=38.7&roomsCount=1&offerId=310270512&floor=floorLast&repairType=repairTypeDesign,1967,Панельный,1,1605-АМ,2.5,Центральное,Центральное,Железобетонные,4,4 пассажирских,4,144,Нет,Нет,Да,Да,На специальном счете у регионального оператора,16
"Москва, улица Академика Волгина, 15К3",https://www.cian.ru/kalkulator-nedvizhimosti/?address=%D0%9C%D0%BE%D1%81%D0%BA%D0%B2%D0%B0%2C+%D1%83%D0%BB%D0%B8%D1%86%D0%B0+%D0%90%D0%BA%D0%B0%D0%B4%D0%B5%D0%BC%D0%B8%D0%BA%D0%B0+%D0%92%D0%BE%D0%BB%D0%B3%D0%B8%D0%BD%D0%B0%2C+15%D0%9A3&totalArea=66.4&roomsCount=3&offerId=311328806&floor=floorOther&repairType=repairTypeWithout,1981,Панельный,16,,2.6,Отсутствует,Центральное,Железобетонные,2,"2 пассажирских, 2 грузовых",2,121,Нет,Нет,Да,Нет,На специальном счете у регионального оператора,17
"Москва, улица Академика Волгина, 15К1",https://www.cian.ru/kalkulator-nedvizhimosti/?address=%D0%9C%D0%BE%D1%81%D0%BA%D0%B2%D0%B0%2C+%D1%83%D0%BB%D0%B8%D1%86%D0%B0+%D0%90%D0%BA%D0%B0%D0%B4%D0%B5%D0%BC%D0%B8%D0%BA%D0%B0+%D0%92%D0%BE%D0%BB%D0%B3%D0%B8%D0%BD%D0%B0%2C+15%D0%9A1&totalArea=63.0&roomsCount=3&offerId=300302109&floor=floorOther&repairType=repairTypeEuro,1971,Панельный,12,II-57,2.64,Отсутствует,Центральное,Железобетонные,3,6 пассажирских,3,143,Нет,Нет,Да,Нет,На специальном счете у регионального оператора,18
"Москва, улица Академика Волгина, 8А",https://www.cian.ru/kalkulator-nedvizhimosti/?address=%D0%9C%D0%BE%D1%81%D0%BA%D0%B2%D0%B0%2C+%D1%83%D0%BB%D0%B8%D1%86%D0%B0+%D0%90%D0%BA%D0%B0%D0%B4%D0%B5%D0%BC%D0%B8%D0%BA%D0%B0+%D0%92%D0%BE%D0%BB%D0%B3%D0%B8%D0%BD%D0%B0%2C+8%D0%90&totalArea=95.1&roomsCount=3&offerId=311908456&floor=floorTwo&repairType=repairTypeDesign,2010,Монолитно кирпичный,20,Индивидуальный проект,3,Отсутствует,Центральное,Железобетонные,6,"10 пассажирских, 8 грузовых",7,429,Нет,Нет,Нет,Нет,На счете регионального оператора,19
"Москва, улица Академика Волгина, 13",https://www.cian.ru/kalkulator-nedvizhimosti/?address=%D0%9C%D0%BE%D1%81%D0%BA%D0%B2%D0%B0%2C+%D1%83%D0%BB%D0%B8%D1%86%D0%B0+%D0%90%D0%BA%D0%B0%D0%B4%D0%B5%D0%BC%D0%B8%D0%BA%D0%B0+%D0%92%D0%BE%D0%BB%D0%B3%D0%B8%D0%BD%D0%B0%2C+13&totalArea=45.3&roomsCount=2&offerId=307780981&floor=floorOther&repairType=repairTypeWithout,1967,,9,,2.7,Центральное,Центральное,Другие,4,4 пассажирских,4,144,Нет,Нет,Нет,Нет,На специальном счете у регионального оператора,20
"Москва, улица Академика Волгина, 15К2",https://www.cian.ru/kalkulator-nedvizhimosti/?address=%D0%9C%D0%BE%D1%81%D0%BA%D0%B2%D0%B0%2C+%D1%83%D0%BB%D0%B8%D1%86%D0%B0+%D0%90%D0%BA%D0%B0%D0%B4%D0%B5%D0%BC%D0%B8%D0%BA%D0%B0+%D0%92%D0%BE%D0%BB%D0%B3%D0%B8%D0%BD%D0%B0%2C+15%D0%9A2&totalArea=45.0&roomsCount=2&offerId=299209036&floor=floorTwo&repairType=repairTypeWithout,1967,,9,,2.5,Центральное,Центральное,Другие,4,4 пассажирских,4,,Нет,Нет,Нет,Нет,,21
"Москва, улица Академика Арцимовича, 2К1",https://www.cian.ru/kalkulator-nedvizhimosti/?address=%D0%9C%D0%BE%D1%81%D0%BA%D0%B2%D0%B0%2C+%D1%83%D0%BB%D0%B8%D1%86%D0%B0+%D0%90%D0%BA%D0%B0%D0%B4%D0%B5%D0%BC%D0%B8%D0%BA%D0%B0+%D0%90%D1%80%D1%86%D0%B8%D0%BC%D0%BE%D0%B2%D0%B8%D1%87%D0%B0%2C+2%D0%9A1&totalArea=40.0&roomsCount=1&offerId=309589901&floor=floorTwo&repairType=repairTypeDesign,1989,Панельный,12,1605-АМ,2.5,Центральное,Центральное,Железобетонные,4,4 пассажирских,4,143,Нет,Нет,Да,Да,На специальном счете у регионального оператора,22
"Москва, улица Островитянова, 9К1",https://www.cian.ru/kalkulator-nedvizhimosti/?address=%D0%9C%D0%BE%D1%81%D0%BA%D0%B2%D0%B0%2C+%D1%83%D0%BB%D0%B8%D1%86%D0%B0+%D0%9E%D1%81%D1%82%D1%80%D0%BE%D0%B2%D0%B8%D1%82%D1%8F%D0%BD%D0%BE%D0%B2%D0%B0%2C+9%D0%9A1&totalArea=52.5&roomsCount=1&offerId=308770205&floor=floorOther&repairType=repairTypeCosmetic,2004,,14,Индивидуальный проект,2.78,Отсутствует,Центральное,Другие,3,"3 пассажирских, 3 грузовых",3,156,Нет,Нет,Нет,Нет,На счете регионального оператора,23
"Москва, улица Академика Арцимовича, 8",https://www.cian.ru/kalkulator-nedvizhimosti/?address=%D0%9C%D0%BE%D1%81%D0%BA%D0%B2%D0%B0%2C+%D1%83%D0%BB%D0%B8%D1%86%D0%B0+%D0%90%D0%BA%D0%B0%D0%B4%D0%B5%D0%BC%D0%B8%D0%BA%D0%B0+%D0%90%D1%80%D1%86%D0%B8%D0%BC%D0%BE%D0%B2%D0%B8%D1%87%D0%B0%2C+8&totalArea=45.8&roomsCount=2&offerId=311262176&floor=floorLast&repairType=repairTypeCosmetic,1968,Панельный,9,II-57,2.6,Центральное,Центральное,Железобетонные,5,5 пассажирских,5,160,Нет,Нет,Нет,Нет,,24
"Москва, улица Островитянова, 9К5",https://www.cian.ru/kalkulator-nedvizhimosti/?address=%D0%9C%D0%BE%D1%81%D0%BA%D0%B2%D0%B0%2C+%D1%83%D0%BB%D0%B8%D1%86%D0%B0+%D0%9E%D1%81%D1%82%D1%80%D0%BE%D0%B2%D0%B8%D1%82%D1%8F%D0%BD%D0%BE%D0%B2%D0%B0%2C+9%D0%9A5&totalArea=120.0&roomsCount=3&offerId=303870632&floor=floorOther&repairType=repairTypeCosmetic,2004,Панельный,22,Индивидуальный проект,2.78,Отсутствует,Центральное,Железобетонные,2,"4 пассажирских, 2 грузовых",2,121,Нет,Нет,Нет,Нет,На счете регионального оператора,25
"Москва, улица Островитянова, 5К3",https://www.cian.ru/kalkulator-nedvizhimosti/?address=%D0%9C%D0%BE%D1%81%D0%BA%D0%B2%D0%B0%2C+%D1%83%D0%BB%D0%B8%D1%86%D0%B0+%D0%9E%D1%81%D1%82%D1%80%D0%BE%D0%B2%D0%B8%D1%82%D1%8F%D0%BD%D0%BE%D0%B2%D0%B0%2C+5%D0%9A3&totalArea=51.0&roomsCount=1&offerId=311125656&floor=floorOther&repairType=repairTypeEuro,2004,Монолитный,16,И-155,2.78,Отсутствует,Центральное,Железобетонные,4,"4 пассажирских, 4 грузовых",4,194,Нет,Нет,Да,Да,На специальном счете организации,26
"Москва, улица Островитянова, 9",https://www.cian.ru/kalkulator-nedvizhimosti/?address=%D0%9C%D0%BE%D1%81%D0%BA%D0%B2%D0%B0%2C+%D1%83%D0%BB%D0%B8%D1%86%D0%B0+%D0%9E%D1%81%D1%82%D1%80%D0%BE%D0%B2%D0%B8%D1%82%D1%8F%D0%BD%D0%BE%D0%B2%D0%B0%2C+9&totalArea=66.6&roomsCount=2&offerId=311234104&floor=floorOther&repairType=repairTypeCosmetic,2004,,16,Индивидуальный проект,2.78,Отсутствует,Центральное,Другие,7,"7 пассажирских, 7 грузовых",7,335,Нет,Нет,Нет,Нет,На счете регионального оператора,27
"Москва, улица Академика Волгина, 31К2",https://www.cian.ru/kalkulator-nedvizhimosti/?address=%D0%9C%D0%BE%D1%81%D0%BA%D0%B2%D0%B0%2C+%D1%83%D0%BB%D0%B8%D1%86%D0%B0+%D0%90%D0%BA%D0%B0%D0%B4%D0%B5%D0%BC%D0%B8%D0%BA%D0%B0+%D0%92%D0%BE%D0%BB%D0%B3%D0%B8%D0%BD%D0%B0%2C+31%D0%9A2&totalArea=64.0&roomsCount=3&offerId=310639393&floor=floorOther&repairType=repairTypeCosmetic,1967,Панельный,9,1605-АМ,2.64,Центральное,Центральное,Железобетонные,4,4 пассажирских,4,143,Нет,Нет,Да,Нет,На специальном счете организации,28
"Москва, улица Теплый Стан, 21К1",https://www.cian.ru/kalkulator-nedvizhimosti/?address=%D0%9C%D0%BE%D1%81%D0%BA%D0%B2%D0%B0%2C+%D1%83%D0%BB%D0%B8%D1%86%D0%B0+%D0%A2%D0%B5%D0%BF%D0%BB%D1%8B%D0%B9+%D0%A1%D1%82%D0%B0%D0%BD%2C+21%D0%9A1&totalArea=75.0&roomsCount=3&offerId=303230896&floor=floorOther&repairType=repairTypeCosmetic,1981,,16,,2.64,Отсутствует,Центральное,Другие,4,8 пассажирских,4,255,Нет,Нет,Да,Нет,На счете регионального оператора,29
"Москва, улица Теплый Стан, 21К2",https://www.cian.ru/kalkulator-nedvizhimosti/?address=%D0%9C%D0%BE%D1%81%D0%BA%D0%B2%D0%B0%2C+%D1%83%D0%BB%D0%B8%D1%86%D0%B0+%D0%A2%D0%B5%D0%BF%D0%BB%D1%8B%D0%B9+%D0%A1%D1%82%D0%B0%D0%BD%2C+21%D0%9A2&totalArea=26.0&roomsCount=1&offerId=308076419&floor=floorOther&repairType=repairTypeWithout,1973,,9,,2.64,Центральное,Центральное,Другие,2,2 пассажирских,2,176,Нет,Нет,Да,Да,На счете регионального оператора,30
"Москва, улица Теплый Стан, 4",https://www.cian.ru/kalkulator-nedvizhimosti/?address=%D0%9C%D0%BE%D1%81%D0%BA%D0%B2%D0%B0%2C+%D1%83%D0%BB%D0%B8%D1%86%D0%B0+%D0%A2%D0%B5%D0%BF%D0%BB%D1%8B%D0%B9+%D0%A1%D1%82%D0%B0%D0%BD%2C+4&totalArea=50.6&roomsCount=2&offerId=310662654&floor=floorOther&repairType=repairTypeWithout,1977,Панельный,16,ii-68,2.48,Отсутствует,Центральное,Железобетонные,3,6 пассажирских,3,329,Нет,Нет,Да,Да,На счете регионального оператора,31
"Москва, улица Теплый Стан, 8",https://www.cian.ru/kalkulator-nedvizhimosti/?address=%D0%9C%D0%BE%D1%81%D0%BA%D0%B2%D0%B0%2C+%D1%83%D0%BB%D0%B8%D1%86%D0%B0+%D0%A2%D0%B5%D0%BF%D0%BB%D1%8B%D0%B9+%D0%A1%D1%82%D0%B0%D0%BD%2C+8&totalArea=59.0&roomsCount=3&offerId=310505447&floor=floorOther&repairType=repairTypeCosmetic,1975,Панельный,9,II-49,2.64,Отсутствует,Центральное,Железобетонные,6,6 пассажирских,6,216,Нет,Нет,Нет,Нет,На специальном счете организации,32
"Москва, улица Теплый Стан, 23",https://www.cian.ru/kalkulator-nedvizhimosti/?address=%D0%9C%D0%BE%D1%81%D0%BA%D0%B2%D0%B0%2C+%D1%83%D0%BB%D0%B8%D1%86%D0%B0+%D0%A2%D0%B5%D0%BF%D0%BB%D1%8B%D0%B9+%D0%A1%D1%82%D0%B0%D0%BD%2C+23&totalArea=36.8&roomsCount=1&offerId=311772311&floor=floorLast&repairType=repairTypeEuro,1981,,16,,2.64,Отсутствует,Центральное,Другие,4,8 пассажирских,4,255,Нет,Нет,Да,Нет,На счете регионального оператора,33
"Москва, улица Теплый Стан, 25К1",https://www.cian.ru/kalkulator-nedvizhimosti/?address=%D0%9C%D0%BE%D1%81%D0%BA%D0%B2%D0%B0%2C+%D1%83%D0%BB%D0%B8%D1%86%D0%B0+%D0%A2%D0%B5%D0%BF%D0%BB%D1%8B%D0%B9+%D0%A1%D1%82%D0%B0%D0%BD%2C+25%D0%9A1&totalArea=37.6&roomsCount=1&offerId=310947195&floor=floorLast&repairType=repairTypeEuro,1981,Панельный,16,П-44,2.64,Отсутствует,Центральное,Железобетонные,4,8 пассажирских,4,255,Нет,Нет,Нет,Нет,,34
"Москва, улица Теплый Стан, 21К5",https://www.cian.ru/kalkulator-nedvizhimosti/?address=%D0%9C%D0%BE%D1%81%D0%BA%D0%B2%D0%B0%2C+%D1%83%D0%BB%D0%B8%D1%86%D0%B0+%D0%A2%D0%B5%D0%BF%D0%BB%D1%8B%D0%B9+%D0%A1%D1%82%D0%B0%D0%BD%2C+21%D0%9A5&totalArea=45.2&roomsCount=2&offerId=312120809&floor=floorOther&repairType=repairTypeEuro,1973,Панельный,9,1-515,2.64,Центральное,Центральное,Другие,8,8 пассажирских,8,285,Нет,Нет,Да,Нет,На счете регионального оператора,35
"Москва, улица Теплый Стан, 12К1",https://www.cian.ru/kalkulator-nedvizhimosti/?address=%D0%9C%D0%BE%D1%81%D0%BA%D0%B2%D0%B0%2C+%D1%83%D0%BB%D0%B8%D1%86%D0%B0+%D0%A2%D0%B5%D0%BF%D0%BB%D1%8B%D0%B9+%D0%A1%D1%82%D0%B0%D0%BD%2C+12%D0%9A1&totalArea=38.5&roomsCount=2&offerId=310625201&floor=floorOther&repairType=repairTypeCosmetic,1975,,14,,2.64,Отсутствует,Центральное,Другие,1,2 пассажирских,1,97,Нет,Нет,Да,Нет,На счете регионального оператора,36
"Москва, улица Теплый Стан, 25К5",https://www.cian.ru/kalkulator-nedvizhimosti/?address=%D0%9C%D0%BE%D1%81%D0%BA%D0%B2%D0%B0%2C+%D1%83%D0%BB%D0%B8%D1%86%D0%B0+%D0%A2%D0%B5%D0%BF%D0%BB%D1%8B%D0%B9+%D0%A1%D1%82%D0%B0%D0%BD%2C+25%D0%9A5&totalArea=45.0&roomsCount=2&offerId=308637655&floor=floorOther&repairType=repairTypeDesign,1973,,12,,2.48,Отсутствует,Центральное,Другие,3,6 пассажирских,3,168,Нет,Нет,Да,Нет,На счете регионального оператора,37
"Москва, улица Теплый Стан, 25К4",https://www.cian.ru/kalkulator-nedvizhimosti/?address=%D0%9C%D0%BE%D1%81%D0%BA%D0%B2%D0%B0%2C+%D1%83%D0%BB%D0%B8%D1%86%D0%B0+%D0%A2%D0%B5%D0%BF%D0%BB%D1%8B%D0%B9+%D0%A1%D1%82%D0%B0%D0%BD%2C+25%D0%9A4&totalArea=62.0&roomsCount=3&offerId=288824068&floor=floorOther&repairType=repairTypeCosmetic,1973,,12,,2.48,Отсутствует,Центральное,Другие,3,6 пассажирских,3,168,Нет,Нет,Да,Нет,На счете регионального оператора,38
"Москва, улица Теплый Стан, 27",https://www.cian.ru/kalkulator-nedvizhimosti/?address=%D0%9C%D0%BE%D1%81%D0%BA%D0%B2%D0%B0%2C+%D1%83%D0%BB%D0%B8%D1%86%D0%B0+%D0%A2%D0%B5%D0%BF%D0%BB%D1%8B%D0%B9+%D0%A1%D1%82%D0%B0%D0%BD%2C+27&totalArea=54.0&roomsCount=2&offerId=311120890&floor=floorLast&repairType=repairTypeCosmetic,1981,,16,,2.64,Отсутствует,Центральное,Железобетонные,8,16 пассажирских,8,510,Нет,Нет,Да,Нет,На счете регионального оператора,39
"Москва, улица Теплый Стан, 14/2",https://www.cian.ru/kalkulator-nedvizhimosti/?address=%D0%9C%D0%BE%D1%81%D0%BA%D0%B2%D0%B0%2C+%D1%83%D0%BB%D0%B8%D1%86%D0%B0+%D0%A2%D0%B5%D0%BF%D0%BB%D1%8B%D0%B9+%D0%A1%D1%82%D0%B0%D0%BD%2C+14%2F2&totalArea=44.4&roomsCount=2&offerId=301200222&floor=floorOther&repairType=repairTypeCosmetic,1975,,9,,2.64,Центральное,Центральное,Другие,16,16 пассажирских,16,575,Нет,Нет,Да,Нет,На счете регионального оператора,40
"Москва, улица Академика Варги, 5",https://www.cian.ru/kalkulator-nedvizhimosti/?address=%D0%9C%D0%BE%D1%81%D0%BA%D0%B2%D0%B0%2C+%D1%83%D0%BB%D0%B8%D1%86%D0%B0+%D0%90%D0%BA%D0%B0%D0%B4%D0%B5%D0%BC%D0%B8%D0%BA%D0%B0+%D0%92%D0%B0%D1%80%D0%B3%D0%B8%2C+5&totalArea=76.2&roomsCount=4&offerId=308144018&floor=floorOne&repairType=repairTypeCosmetic,1994,,14,,2.64,Отсутствует,Центральное,Другие,8,16 пассажирских,8,346,Нет,Нет,Да,Да,На счете регионального оператора,41
"Москва, улица Академика Варги, 3",https://www.cian.ru/kalkulator-nedvizhimosti/?address=%D0%9C%D0%BE%D1%81%D0%BA%D0%B2%D0%B0%2C+%D1%83%D0%BB%D0%B8%D1%86%D0%B0+%D0%90%D0%BA%D0%B0%D0%B4%D0%B5%D0%BC%D0%B8%D0%BA%D0%B0+%D0%92%D0%B0%D1%80%D0%B3%D0%B8%2C+3&totalArea=60.8&roomsCount=3&offerId=302971287&floor=floorOther&repairType=repairTypeCosmetic,1995,Панельный,14,П-55,2.64,Отсутствует,Центральное,Другие,7,14 пассажирских,7,320,Нет,Нет,Да,Да,На счете регионального оператора,42
"Москва, улица Академика Виноградова, 4К2",https://www.cian.ru/kalkulator-nedvizhimosti/?address=%D0%9C%D0%BE%D1%81%D0%BA%D0%B2%D0%B0%2C+%D1%83%D0%BB%D0%B8%D1%86%D0%B0+%D0%90%D0%BA%D0%B0%D0%B4%D0%B5%D0%BC%D0%B8%D0%BA%D0%B0+%D0%92%D0%B8%D0%BD%D0%BE%D0%B3%D1%80%D0%B0%D0%B4%D0%BE%D0%B2%D0%B0%2C+4%D0%9A2&totalArea=40.0&roomsCount=2&offerId=310967629&floor=floorOther,1975,,14,,2.64,Отсутствует,Центральное,Другие,1,2 пассажирских,1,96,Нет,Нет,Да,Нет,На счете регионального оператора,43
"Москва, улица Академика Виноградова, 6",https://www.cian.ru/kalkulator-nedvizhimosti/?address=%D0%9C%D0%BE%D1%81%D0%BA%D0%B2%D0%B0%2C+%D1%83%D0%BB%D0%B8%D1%86%D0%B0+%D0%90%D0%BA%D0%B0%D0%B4%D0%B5%D0%BC%D0%B8%D0%BA%D0%B0+%D0%92%D0%B8%D0%BD%D0%BE%D0%B3%D1%80%D0%B0%D0%B4%D0%BE%D0%B2%D0%B0%2C+6&totalArea=60.0&roomsCount=3&offerId=308397152&floor=floorOther&repairType=repairTypeEuro,1975,Панельный,9,,2.64,Отсутствует,Центральное,Железобетонные,8,8 пассажирских,8,288,Нет,Нет,Нет,Нет,На специальном счете организации,44
"Москва, улица Академика Виноградова, 4К1",https://www.cian.ru/kalkulator-nedvizhimosti/?address=%D0%9C%D0%BE%D1%81%D0%BA%D0%B2%D0%B0%2C+%D1%83%D0%BB%D0%B8%D1%86%D0%B0+%D0%90%D0%BA%D0%B0%D0%B4%D0%B5%D0%BC%D0%B8%D0%BA%D0%B0+%D0%92%D0%B8%D0%BD%D0%BE%D0%B3%D1%80%D0%B0%D0%B4%D0%BE%D0%B2%D0%B0%2C+4%D0%9A1&totalArea=34.1&roomsCount=1&offerId=305930485&floor=floorOne&repairType=repairTypeCosmetic,1975,,14,,2.64,Отсутствует,Центральное,Другие,1,2 пассажирских,1,96,Нет,Нет,Да,Нет,На счете регионального оператора,45
"Москва, улица Академика Виноградова, 12",https://www.cian.ru/kalkulator-nedvizhimosti/?address=%D0%9C%D0%BE%D1%81%D0%BA%D0%B2%D0%B0%2C+%D1%83%D0%BB%D0%B8%D1%86%D0%B0+%D0%90%D0%BA%D0%B0%D0%B4%D0%B5%D0%BC%D0%B8%D0%BA%D0%B0+%D0%92%D0%B8%D0%BD%D0%BE%D0%B3%D1%80%D0%B0%D0%B4%D0%BE%D0%B2%D0%B0%2C+12&totalArea=50.8&roomsCount=2&offerId=304858455&floor=floorOther&repairType=repairTypeEuro,1975,Панельный,16,ii-68,2.48,Отсутствует,Центральное,Железобетонные,1,2 пассажирских,1,111,Нет,Нет,Да,Нет,На счете регионального оператора,46
"Москва, улица Академика Виноградова, 1",https://www.cian.ru/kalkulator-nedvizhimosti/?address=%D0%9C%D0%BE%D1%81%D0%BA%D0%B2%D0%B0%2C+%D1%83%D0%BB%D0%B8%D1%86%D0%B0+%D0%90%D0%BA%D0%B0%D0%B4%D0%B5%D0%BC%D0%B8%D0%BA%D0%B0+%D0%92%D0%B8%D0%BD%D0%BE%D0%B3%D1%80%D0%B0%D0%B4%D0%BE%D0%B2%D0%B0%2C+1&totalArea=102.2&roomsCount=3&offerId=311371966&floor=floorOther&repairType=repairTypeEuro,2011,Монолитный,23,Индивидуальный проект,2.8,Отсутствует,Центральное,Железобетонные,5,"5 пассажирских, 5 грузовых",5,321,Нет,Нет,Да,Да,На счете регионального оператора,47
"Москва, улица Академика Варги, 6",https://www.cian.ru/kalkulator-nedvizhimosti/?address=%D0%9C%D0%BE%D1%81%D0%BA%D0%B2%D0%B0%2C+%D1%83%D0%BB%D0%B8%D1%86%D0%B0+%D0%90%D0%BA%D0%B0%D0%B4%D0%B5%D0%BC%D0%B8%D0%BA%D0%B0+%D0%92%D0%B0%D1%80%D0%B3%D0%B8%2C+6&totalArea=45.2&roomsCount=2&offerId=308908363&floor=floorOther&repairType=repairTypeCosmetic,1974,,12,,2.7,,,Другие,12,6 пассажирских,,143,Нет,Нет,Нет,Нет,,48
"Москва, улица Академика Варги, 2",https://www.cian.ru/kalkulator-nedvizhimosti/?address=%D0%9C%D0%BE%D1%81%D0%BA%D0%B2%D0%B0%2C+%D1%83%D0%BB%D0%B8%D1%86%D0%B0+%D0%90%D0%BA%D0%B0%D0%B4%D0%B5%D0%BC%D0%B8%D0%BA%D0%B0+%D0%92%D0%B0%D1%80%D0%B3%D0%B8%2C+2&totalArea=32.5&roomsCount=1&offerId=312295732&floor=floorOne&repairType=repairTypeEuro,1974,Панельный,9,,2.7,Отсутствует,Центральное,Железобетонные,16,16 пассажирских,16,575,Нет,Нет,Нет,Нет,На счете регионального оператора,49
"Москва, улица Академика Варги, 8",https://www.cian.ru/kalkulator-nedvizhimosti/?address=%D0%9C%D0%BE%D1%81%D0%BA%D0%B2%D0%B0%2C+%D1%83%D0%BB%D0%B8%D1%86%D0%B0+%D0%90%D0%BA%D0%B0%D0%B4%D0%B5%D0%BC%D0%B8%D0%BA%D0%B0+%D0%92%D0%B0%D1%80%D0%B3%D0%B8%2C+8&totalArea=65.6&roomsCount=3&offerId=312454781&floor=floorOther&repairType=repairTypeCosmetic,1974,,12,,2.7,,,Другие,3,6 пассажирских,,142,Нет,Нет,Нет,Нет,,50
"Москва, улица Академика Варги, 28",https://www.cian.ru/kalkulator-nedvizhimosti/?address=%D0%9C%D0%BE%D1%81%D0%BA%D0%B2%D0%B0%2C+%D1%83%D0%BB%D0%B8%D1%86%D0%B0+%D0%90%D0%BA%D0%B0%D0%B4%D0%B5%D0%BC%D0%B8%D0%BA%D0%B0+%D0%92%D0%B0%D1%80%D0%B3%D0%B8%2C+28&totalArea=32.6&roomsCount=1&offerId=307775309&floor=floorOther&repairType=repairTypeDesign,1974,,9,,2.64,Отсутствует,Центральное,Другие,16,16 пассажирских,16,576,Нет,Нет,Да,Да,На счете регионального оператора,51
"Москва, улица Академика Варги, 36",https://www.cian.ru/kalkulator-nedvizhimosti/?address=%D0%9C%D0%BE%D1%81%D0%BA%D0%B2%D0%B0%2C+%D1%83%D0%BB%D0%B8%D1%86%D0%B0+%D0%90%D0%BA%D0%B0%D0%B4%D0%B5%D0%BC%D0%B8%D0%BA%D0%B0+%D0%92%D0%B0%D1%80%D0%B3%D0%B8%2C+36&totalArea=73.4&roomsCount=3&offerId=311208660&floor=floorOther&repairType=repairTypeCosmetic,1980,,16,,,Отсутствует,Центральное,Другие,3,6 пассажирских,3,186,Нет,Нет,Да,Нет,На счете регионального оператора,52
"Москва, улица Генерала Тюленева, 11",https://www.cian.ru/kalkulator-nedvizhimosti/?address=%D0%9C%D0%BE%D1%81%D0%BA%D0%B2%D0%B0%2C+%D1%83%D0%BB%D0%B8%D1%86%D0%B0+%D0%93%D0%B5%D0%BD%D0%B5%D1%80%D0%B0%D0%BB%D0%B0+%D0%A2%D1%8E%D0%BB%D0%B5%D0%BD%D0%B5%D0%B2%D0%B0%2C+11&totalArea=64.0&roomsCount=3&offerId=310743428&floor=floorOther&repairType=repairTypeCosmetic,1974,,12,,2.48,Отсутствует,Центральное,Другие,3,6 пассажирских,3,168,Нет,Нет,Да,Нет,На счете регионального оператора,53
"Москва, улица Генерала Тюленева, 7К1",https://www.cian.ru/kalkulator-nedvizhimosti/?address=%D0%9C%D0%BE%D1%81%D0%BA%D0%B2%D0%B0%2C+%D1%83%D0%BB%D0%B8%D1%86%D0%B0+%D0%93%D0%B5%D0%BD%D0%B5%D1%80%D0%B0%D0%BB%D0%B0+%D0%A2%D1%8E%D0%BB%D0%B5%D0%BD%D0%B5%D0%B2%D0%B0%2C+7%D0%9A1&totalArea=61.0&roomsCount=3&offerId=311126074&floor=floorOther&repairType=repairTypeCosmetic,1973,Панельный,9,,2.64,Центральное,Центральное,Железобетонные,12,12 пассажирских,12,429,Нет,Нет,Да,Нет,На счете регионального оператора,54
"Москва, улица Генерала Тюленева, 13",https://www.cian.ru/kalkulator-nedvizhimosti/?address=%D0%9C%D0%BE%D1%81%D0%BA%D0%B2%D0%B0%2C+%D1%83%D0%BB%D0%B8%D1%86%D0%B0+%D0%93%D0%B5%D0%BD%D0%B5%D1%80%D0%B0%D0%BB%D0%B0+%D0%A2%D1%8E%D0%BB%D0%B5%D0%BD%D0%B5%D0%B2%D0%B0%2C+13&totalArea=68.0&roomsCount=3&offerId=304856437&floor=floorOther&repairType=repairTypeCosmetic,1974,,12,,2.48,Отсутствует,Центральное,Другие,3,6 пассажирских,3,112,Нет,Нет,Да,Нет,На счете регионального оператора,55
"Москва, улица Генерала Тюленева, 15",https://www.cian.ru/kalkulator-nedvizhimosti/?address=%D0%9C%D0%BE%D1%81%D0%BA%D0%B2%D0%B0%2C+%D1%83%D0%BB%D0%B8%D1%86%D0%B0+%D0%93%D0%B5%D0%BD%D0%B5%D1%80%D0%B0%D0%BB%D0%B0+%D0%A2%D1%8E%D0%BB%D0%B5%D0%BD%D0%B5%D0%B2%D0%B0%2C+15&totalArea=51.3&roomsCount=2&offerId=311160192&floor=floorOther&repairType=repairTypeWithout,1974,,12,,2.48,Отсутствует,Центральное,Другие,3,6 пассажирских,3,168,Нет,Нет,Да,Нет,На счете регионального оператора,56
"Москва, улица Генерала Тюленева, 17",https://www.cian.ru/kalkulator-nedvizhimosti/?address=%D0%9C%D0%BE%D1%81%D0%BA%D0%B2%D0%B0%2C+%D1%83%D0%BB%D0%B8%D1%86%D0%B0+%D0%93%D0%B5%D0%BD%D0%B5%D1%80%D0%B0%D0%BB%D0%B0+%D0%A2%D1%8E%D0%BB%D0%B5%D0%BD%D0%B5%D0%B2%D0%B0%2C+17&totalArea=51.0&roomsCount=2&offerId=302404390&floor=floorOther&repairType=repairTypeCosmetic,1974,Блочный,12,,2.48,Отсутствует,Центральное,Железобетонные,3,6 пассажирских,3,168,Нет,Нет,Да,Нет,На счете регионального оператора,57
"Москва, улица Генерала Тюленева, 7К2",https://www.cian.ru/kalkulator-nedvizhimosti/?address=%D0%9C%D0%BE%D1%81%D0%BA%D0%B2%D0%B0%2C+%D1%83%D0%BB%D0%B8%D1%86%D0%B0+%D0%93%D0%B5%D0%BD%D0%B5%D1%80%D0%B0%D0%BB%D0%B0+%D0%A2%D1%8E%D0%BB%D0%B5%D0%BD%D0%B5%D0%B2%D0%B0%2C+7%D0%9A2&totalArea=34.7&roomsCount=1&offerId=308231609&floor=floorTwo&repairType=repairTypeCosmetic,1973,,9,,2.64,Центральное,Центральное,Другие,12,12 пассажирских,12,428,Нет,Нет,Да,Нет,На счете регионального оператора,58
"Москва, улица Теплый Стан, 15К7",https://www.cian.ru/kalkulator-nedvizhimosti/?address=%D0%9C%D0%BE%D1%81%D0%BA%D0%B2%D0%B0%2C+%D1%83%D0%BB%D0%B8%D1%86%D0%B0+%D0%A2%D0%B5%D0%BF%D0%BB%D1%8B%D0%B9+%D0%A1%D1%82%D0%B0%D0%BD%2C+15%D0%9A7&totalArea=52.0&roomsCount=2&offerId=309113077&floor=floorOther&repairType=repairTypeCosmetic,1973,,12,,2.48,Отсутствует,Центральное,Другие,3,6 пассажирских,3,168,Нет,Нет,Да,Нет,На счете регионального оператора,59
"Москва, улица Теплый Стан, 15К1",https://www.cian.ru/kalkulator-nedvizhimosti/?address=%D0%9C%D0%BE%D1%81%D0%BA%D0%B2%D0%B0%2C+%D1%83%D0%BB%D0%B8%D1%86%D0%B0+%D0%A2%D0%B5%D0%BF%D0%BB%D1%8B%D0%B9+%D0%A1%D1%82%D0%B0%D0%BD%2C+15%D0%9A1&totalArea=63.5&roomsCount=2&offerId=301855337&floor=floorOther&repairType=repairTypeWithout,1981,Блочный,16,П-44,2.64,,Центральное,Железобетонные,3,"3 пассажирских, 3 грузовых",,191,Нет,Нет,Нет,Нет,,60
"Москва, улица Теплый Стан, 13К1",https://www.cian.ru/kalkulator-nedvizhimosti/?address=%D0%9C%D0%BE%D1%81%D0%BA%D0%B2%D0%B0%2C+%D1%83%D0%BB%D0%B8%D1%86%D0%B0+%D0%A2%D0%B5%D0%BF%D0%BB%D1%8B%D0%B9+%D0%A1%D1%82%D0%B0%D0%BD%2C+13%D0%9A1&totalArea=58.8&roomsCount=2&offerId=308746096&floor=floorOther&repairType=repairTypeEuro,1982,Панельный,17,,,Отсутствует,Центральное,Железобетонные,4,8 пассажирских,4,271,Нет,Нет,Да,Нет,На счете регионального оператора,61
"Москва, улица Теплый Стан, 15К6",https://www.cian.ru/kalkulator-nedvizhimosti/?address=%D0%9C%D0%BE%D1%81%D0%BA%D0%B2%D0%B0%2C+%D1%83%D0%BB%D0%B8%D1%86%D0%B0+%D0%A2%D0%B5%D0%BF%D0%BB%D1%8B%D0%B9+%D0%A1%D1%82%D0%B0%D0%BD%2C+15%D0%9A6&totalArea=51.5&roomsCount=2&offerId=309117903&floor=floorOther&repairType=repairTypeCosmetic,1973,Панельный,12,,2.48,Отсутствует,Центральное,Другие,3,6 пассажирских,3,168,Нет,Нет,Да,Да,На счете регионального оператора,62
"Москва, улица Теплый Стан, 15К5",https://www.cian.ru/kalkulator-nedvizhimosti/?address=%D0%9C%D0%BE%D1%81%D0%BA%D0%B2%D0%B0%2C+%D1%83%D0%BB%D0%B8%D1%86%D0%B0+%D0%A2%D0%B5%D0%BF%D0%BB%D1%8B%D0%B9+%D0%A1%D1%82%D0%B0%D0%BD%2C+15%D0%9A5&totalArea=61.5&roomsCount=3&offerId=294319016&floor=floorOther&repairType=repairTypeWithout,1973,,12,,2.48,Отсутствует,Центральное,Другие,3,6 пассажирских,3,168,Нет,Нет,Да,Нет,На счете регионального оператора,63
"Москва, улица Теплый Стан, 15К4",https://www.cian.ru/kalkulator-nedvizhimosti/?address=%D0%9C%D0%BE%D1%81%D0%BA%D0%B2%D0%B0%2C+%D1%83%D0%BB%D0%B8%D1%86%D0%B0+%D0%A2%D0%B5%D0%BF%D0%BB%D1%8B%D0%B9+%D0%A1%D1%82%D0%B0%D0%BD%2C+15%D0%9A4&totalArea=34.8&roomsCount=1&offerId=312464277&floor=floorOne&repairType=repairTypeDesign,1974,,12,,2.48,Отсутствует,Центральное,Другие,3,6 пассажирских,3,168,Нет,Нет,Да,Нет,На счете регионального оператора,64
"Москва, улица Генерала Тюленева, 25",https://www.cian.ru/kalkulator-nedvizhimosti/?address=%D0%9C%D0%BE%D1%81%D0%BA%D0%B2%D0%B0%2C+%D1%83%D0%BB%D0%B8%D1%86%D0%B0+%D0%93%D0%B5%D0%BD%D0%B5%D1%80%D0%B0%D0%BB%D0%B0+%D0%A2%D1%8E%D0%BB%D0%B5%D0%BD%D0%B5%D0%B2%D0%B0%2C+25&totalArea=51.5&roomsCount=2&offerId=309890288&floor=floorOther&repairType=repairTypeCosmetic,1978,,16,,2.48,Отсутствует,Центральное,Другие,2,4 пассажирских,2,205,Нет,Нет,Да,Нет,На счете регионального оператора,65
"Москва, пос. Завода Мосрентген, улица Героя России Соломатина, 1",https://www.cian.ru/kalkulator-nedvizhimosti/?address=%D0%9C%D0%BE%D1%81%D0%BA%D0%B2%D0%B0%2C+%D0%BF%D0%BE%D1%81.+%D0%97%D0%B0%D0%B2%D0%BE%D0%B4%D0%B0+%D0%9C%D0%BE%D1%81%D1%80%D0%B5%D0%BD%D1%82%D0%B3%D0%B5%D0%BD%2C+%D1%83%D0%BB%D0%B8%D1%86%D0%B0+%D0%93%D0%B5%D1%80%D0%BE%D1%8F+%D0%A0%D0%BE%D1%81%D1%81%D0%B8%D0%B8+%D0%A1%D0%BE%D0%BB%D0%BE%D0%BC%D0%B0%D1%82%D0%B8%D0%BD%D0%B0%2C+1&totalArea=67.4&roomsCount=2&offerId=309636118&floor=floorOther&repairType=repairTypeCosmetic,1900,Панельный,10,Индивидуальный проект,,Отсутствует,Центральное,Железобетонные,4,4 пассажирских,4,160,Нет,Нет,Нет,Нет,На счете регионального оператора,66
"Москва, пос. Завода Мосрентген, улица Героя России Соломатина, 18",https://www.cian.ru/kalkulator-nedvizhimosti/?address=%D0%9C%D0%BE%D1%81%D0%BA%D0%B2%D0%B0%2C+%D0%BF%D0%BE%D1%81.+%D0%97%D0%B0%D0%B2%D0%BE%D0%B4%D0%B0+%D0%9C%D0%BE%D1%81%D1%80%D0%B5%D0%BD%D1%82%D0%B3%D0%B5%D0%BD%2C+%D1%83%D0%BB%D0%B8%D1%86%D0%B0+%D0%93%D0%B5%D1%80%D0%BE%D1%8F+%D0%A0%D0%BE%D1%81%D1%81%D0%B8%D0%B8+%D0%A1%D0%BE%D0%BB%D0%BE%D0%BC%D0%B0%D1%82%D0%B8%D0%BD%D0%B0%2C+18&totalArea=50.5&roomsCount=1&offerId=310314749&floor=floorTwo&repairType=repairTypeWithout,2002,Панельный,10,Индивидуальный проект,2.65,Отсутствует,Центральное,Железобетонные,6,"6 пассажирских, 6 грузовых",6,248,Нет,Нет,Нет,Нет,На специальном счете организации,67
"Москва, пос. Завода Мосрентген, 35",https://www.cian.ru/kalkulator-nedvizhimosti/?address=%D0%9C%D0%BE%D1%81%D0%BA%D0%B2%D0%B0%2C+%D0%BF%D0%BE%D1%81.+%D0%97%D0%B0%D0%B2%D0%BE%D0%B4%D0%B0+%D0%9C%D0%BE%D1%81%D1%80%D0%B5%D0%BD%D1%82%D0%B3%D0%B5%D0%BD%2C+35&totalArea=54.0&roomsCount=1&offerId=312231467&floor=floorTwo&repairType=repairTypeDesign,2013,Монолитный,16,,2.8,Отсутствует,Центральное,Железобетонные,3,"3 пассажирских, 3 грузовых",3,200,Нет,Нет,Нет,Нет,На счете регионального оператора,68
"Москва, пос. Завода Мосрентген, 31",https://www.cian.ru/kalkulator-nedvizhimosti/?address=%D0%9C%D0%BE%D1%81%D0%BA%D0%B2%D0%B0%2C+%D0%BF%D0%BE%D1%81.+%D0%97%D0%B0%D0%B2%D0%BE%D0%B4%D0%B0+%D0%9C%D0%BE%D1%81%D1%80%D0%B5%D0%BD%D1%82%D0%B3%D0%B5%D0%BD%2C+31&totalArea=44.9&roomsCount=2&offerId=308567781&floor=floorOther&repairType=repairTypeWithout,1982,,9,,,Центральное,Центральное,Другие,8,8 пассажирских,8,285,Нет,Нет,Да,Да,На счете регионального оператора,69
"Москва, пос. Завода Мосрентген, 33",https://www.cian.ru/kalkulator-nedvizhimosti/?address=%D0%9C%D0%BE%D1%81%D0%BA%D0%B2%D0%B0%2C+%D0%BF%D0%BE%D1%81.+%D0%97%D0%B0%D0%B2%D0%BE%D0%B4%D0%B0+%D0%9C%D0%BE%D1%81%D1%80%D0%B5%D0%BD%D1%82%D0%B3%D0%B5%D0%BD%2C+33&totalArea=51.4&roomsCount=2&offerId=303243667&floor=floorOther&repairType=repairTypeEuro,1991,Панельный,12,,,Отсутствует,Центральное,Железобетонные,4,8 пассажирских,4,187,Нет,Нет,Нет,Нет,,70
"Москва, пос. Завода Мосрентген, 28",https://www.cian.ru/kalkulator-nedvizhimosti/?address=%D0%9C%D0%BE%D1%81%D0%BA%D0%B2%D0%B0%2C+%D0%BF%D0%BE%D1%81.+%D0%97%D0%B0%D0%B2%D0%BE%D0%B4%D0%B0+%D0%9C%D0%BE%D1%81%D1%80%D0%B5%D0%BD%D1%82%D0%B3%D0%B5%D0%BD%2C+28&totalArea=33.3&roomsCount=1&offerId=307890576&floor=floorTwo&repairType=repairTypeCosmetic,1971,Кирпичный,9,1-447,2.7,Центральное,Центральное,Другие,1,1 пассажирский,1,54,Нет,Нет,Да,Нет,На счете регионального оператора,71
"Москва, пос. Завода Мосрентген, 29",https://www.cian.ru/kalkulator-nedvizhimosti/?address=%D0%9C%D0%BE%D1%81%D0%BA%D0%B2%D0%B0%2C+%D0%BF%D0%BE%D1%81.+%D0%97%D0%B0%D0%B2%D0%BE%D0%B4%D0%B0+%D0%9C%D0%BE%D1%81%D1%80%D0%B5%D0%BD%D1%82%D0%B3%D0%B5%D0%BD%2C+29&totalArea=33.9&roomsCount=1&offerId=311586464&floor=floorOther&repairType=repairTypeWithout,1973,Кирпичный,9,1-447,2.5,Центральное,Центральное,Железобетонные,1,1 пассажирский,1,54,Нет,Нет,Нет,Нет,На счете регионального оператора,72
"Москва, улица Академика Опарина, 4к1",https://www.cian.ru/kalkulator-nedvizhimosti/?address=%D0%9C%D0%BE%D1%81%D0%BA%D0%B2%D0%B0%2C+%D1%83%D0%BB%D0%B8%D1%86%D0%B0+%D0%90%D0%BA%D0%B0%D0%B4%D0%B5%D0%BC%D0%B8%D0%BA%D0%B0+%D0%9E%D0%BF%D0%B0%D1%80%D0%B8%D0%BD%D0%B0%2C+4%D0%BA1&totalArea=54.0&roomsCount=1&offerId=313034357&floor=floorOther&repairType=repairTypeDesign,2010,Панельный,16,Индивидуальный проект,2.7,Отсутствует,Центральное,Железобетонные,8,"13 пассажирских, 3 грузовых",8,416,Нет,Нет,Да,Да,,73
"Москва, улица Академика Волгина, 19",https://www.cian.ru/kalkulator-nedvizhimosti/?address=%D0%9C%D0%BE%D1%81%D0%BA%D0%B2%D0%B0%2C+%D1%83%D0%BB%D0%B8%D1%86%D0%B0+%D0%90%D0%BA%D0%B0%D0%B4%D0%B5%D0%BC%D0%B8%D0%BA%D0%B0+%D0%92%D0%BE%D0%BB%D0%B3%D0%B8%D0%BD%D0%B0%2C+19&totalArea=65.0&roomsCount=3&offerId=312577524&floor=floorOther&repairType=repairTypeCosmetic,1971,Панельный,12,,2.64,Отсутствует,Центральное,Железобетонные,3,6 пассажирских,3,143,Нет,Нет,Нет,Нет,На специальном счете организации,74
"Москва, улица Академика Волгина, 17",https://www.cian.ru/kalkulator-nedvizhimosti/?address=%D0%9C%D0%BE%D1%81%D0%BA%D0%B2%D0%B0%2C+%D1%83%D0%BB%D0%B8%D1%86%D0%B0+%D0%90%D0%BA%D0%B0%D0%B4%D0%B5%D0%BC%D0%B8%D0%BA%D0%B0+%D0%92%D0%BE%D0%BB%D0%B3%D0%B8%D0%BD%D0%B0%2C+17&totalArea=36.0&roomsCount=1&offerId=313352960&floor=floorOther&repairType=repairTypeEuro,1967,Панельный,9,,2.5,Центральное,Центральное,Железобетонные,4,4 пассажирских,4,144,Нет,Нет,Нет,Нет,На специальном счете организации,75
"Москва, улица Академика Волгина, 25К2",https://www.cian.ru/kalkulator-nedvizhimosti/?address=%D0%9C%D0%BE%D1%81%D0%BA%D0%B2%D0%B0%2C+%D1%83%D0%BB%D0%B8%D1%86%D0%B0+%D0%90%D0%BA%D0%B0%D0%B4%D0%B5%D0%BC%D0%B8%D0%BA%D0%B0+%D0%92%D0%BE%D0%BB%D0%B3%D0%B8%D0%BD%D0%B0%2C+25%D0%9A2&totalArea=64.0&roomsCount=3&offerId=313715861&floor=floorOther&repairType=repairTypeCosmetic,1969,Панельный,9,,,Центральное,Центральное,Железобетонные,7,7 пассажирских,7,251,Нет,Нет,Нет,Нет,,76
"Москва, улица Академика Арцимовича, 5К1",https://www.cian.ru/kalkulator-nedvizhimosti/?address=%D0%9C%D0%BE%D1%81%D0%BA%D0%B2%D0%B0%2C+%D1%83%D0%BB%D0%B8%D1%86%D0%B0+%D0%90%D0%BA%D0%B0%D0%B4%D0%B5%D0%BC%D0%B8%D0%BA%D0%B0+%D0%90%D1%80%D1%86%D0%B8%D0%BC%D0%BE%D0%B2%D0%B8%D1%87%D0%B0%2C+5%D0%9A1&totalArea=41.8&roomsCount=2&offerId=313486539&floor=floorOther&repairType=repairTypeEuro,1967,Панельный,5,1-515,2.64,Центральное,Центральное,Железобетонные,5,Нет,Нет,118,Да,Нет,Да,Да,На специальном счете у регионального оператора,77
"Москва, улица Академика Волгина, 14К3",https://www.cian.ru/kalkulator-nedvizhimosti/?address=%D0%9C%D0%BE%D1%81%D0%BA%D0%B2%D0%B0%2C+%D1%83%D0%BB%D0%B8%D1%86%D0%B0+%D0%90%D0%BA%D0%B0%D0%B4%D0%B5%D0%BC%D0%B8%D0%BA%D0%B0+%D0%92%D0%BE%D0%BB%D0%B3%D0%B8%D0%BD%D0%B0%2C+14%D0%9A3&totalArea=75.6&roomsCount=3&offerId=307390635&floor=floorOther&repairType=repairTypeEuro,1999,Панельный,17,П-3М,2.64,Отсутствует,Центральное,Железобетонные,3,"3 пассажирских, 3 грузовых",3,192,Нет,Нет,Да,Да,На специальном счете у регионального оператора,78
"Москва, улица Островитянова, 11К1",https://www.cian.ru/kalkulator-nedvizhimosti/?address=%D0%9C%D0%BE%D1%81%D0%BA%D0%B2%D0%B0%2C+%D1%83%D0%BB%D0%B8%D1%86%D0%B0+%D0%9E%D1%81%D1%82%D1%80%D0%BE%D0%B2%D0%B8%D1%82%D1%8F%D0%BD%D0%BE%D0%B2%D0%B0%2C+11%D0%9A1&totalArea=120.0&roomsCount=4&offerId=303619557&floor=floorOther&repairType=repairTypeDesign,2004,Монолитный,16,Индивидуальный проект,3,Центральное,Центральное,Железобетонные,1,2 пассажирских,1,50,Нет,Нет,Нет,Нет,,79
"Москва, улица Обручева, 18",https://www.cian.ru/kalkulator-nedvizhimosti/?address=%D0%9C%D0%BE%D1%81%D0%BA%D0%B2%D0%B0%2C+%D1%83%D0%BB%D0%B8%D1%86%D0%B0+%D0%9E%D0%B1%D1%80%D1%83%D1%87%D0%B5%D0%B2%D0%B0%2C+18&totalArea=70.3&roomsCount=4&offerId=312890563&floor=floorOther,1967,,16,,3,Отсутствует,Центральное,Другие,1,"1 пассажирский, 1 грузовой",1,111,Нет,Нет,Нет,Нет,На счете регионального оператора,80
"Москва, улица Обручева, 4К1",https://www.cian.ru/kalkulator-nedvizhimosti/?address=%D0%9C%D0%BE%D1%81%D0%BA%D0%B2%D0%B0%2C+%D1%83%D0%BB%D0%B8%D1%86%D0%B0+%D0%9E%D0%B1%D1%80%D1%83%D1%87%D0%B5%D0%B2%D0%B0%2C+4%D0%9A1&totalArea=44.6&roomsCount=2&offerId=303885699&floor=floorOther&repairType=repairTypeCosmetic,1967,,18,Индивидуальный проект,2.7,Отсутствует,,Другие,3,"3 пассажирских, 3 грузовых",,191,Нет,Нет,Нет,Нет,,81
"Москва, Ленинский проспект, 111к1",https://www.cian.ru/kalkulator-nedvizhimosti/?address=%D0%9C%D0%BE%D1%81%D0%BA%D0%B2%D0%B0%2C+%D0%9B%D0%B5%D0%BD%D0%B8%D0%BD%D1%81%D0%BA%D0%B8%D0%B9+%D0%BF%D1%80%D0%BE%D1%81%D0%BF%D0%B5%D0%BA%D1%82%2C+111%D0%BA1&totalArea=161.1&roomsCount=3&offerId=302152670&floor=floorOther&repairType=repairTypeDesign,2010,Монолитный,51,Индивидуальный проект,3,Отсутствует,Центральное,Железобетонные,4,20 пассажирских,,662,Нет,Нет,Да,Да,На специальном счете организации,82
"Москва, пос. Завода Мосрентген, улица Героя России Соломатина, 17",https://www.cian.ru/kalkulator-nedvizhimosti/?address=%D0%9C%D0%BE%D1%81%D0%BA%D0%B2%D0%B0%2C+%D0%BF%D0%BE%D1%81.+%D0%97%D0%B0%D0%B2%D0%BE%D0%B4%D0%B0+%D0%9C%D0%BE%D1%81%D1%80%D0%B5%D0%BD%D1%82%D0%B3%D0%B5%D0%BD%2C+%D1%83%D0%BB%D0%B8%D1%86%D0%B0+%D0%93%D0%B5%D1%80%D0%BE%D1%8F+%D0%A0%D0%BE%D1%81%D1%81%D0%B8%D0%B8+%D0%A1%D0%BE%D0%BB%D0%BE%D0%BC%D0%B0%D1%82%D0%B8%D0%BD%D0%B0%2C+17&totalArea=67.3&roomsCount=3&offerId=312621729&floor=floorOther&repairType=repairTypeEuro,1999,Панельный,10,Индивидуальный проект,2.8,Отсутствует,Центральное,Железобетонные,2,2 пассажирских,2,80,Нет,Нет,Нет,Нет,На счете регионального оператора,83
"Москва, пос. Завода Мосрентген, улица Героя России Соломатина, 7",https://www.cian.ru/kalkulator-nedvizhimosti/?address=%D0%9C%D0%BE%D1%81%D0%BA%D0%B2%D0%B0%2C+%D0%BF%D0%BE%D1%81.+%D0%97%D0%B0%D0%B2%D0%BE%D0%B4%D0%B0+%D0%9C%D0%BE%D1%81%D1%80%D0%B5%D0%BD%D1%82%D0%B3%D0%B5%D0%BD%2C+%D1%83%D0%BB%D0%B8%D1%86%D0%B0+%D0%93%D0%B5%D1%80%D0%BE%D1%8F+%D0%A0%D0%BE%D1%81%D1%81%D0%B8%D0%B8+%D0%A1%D0%BE%D0%BB%D0%BE%D0%BC%D0%B0%D1%82%D0%B8%D0%BD%D0%B0%2C+7&totalArea=47.1&roomsCount=2&offerId=313145420&floor=floorOther&repairType=repairTypeCosmetic,1980,Панельный,12,Индивидуальный проект,,Отсутствует,Центральное,Железобетонные,3,"6 пассажирских, 3 грузовых",3,168,Нет,Нет,Нет,Нет,На счете регионального оператора,84
"Москва, пос. Завода Мосрентген, улица Героя России Соломатина, 5",https://www.cian.ru/kalkulator-nedvizhimosti/?address=%D0%9C%D0%BE%D1%81%D0%BA%D0%B2%D0%B0%2C+%D0%BF%D0%BE%D1%81.+%D0%97%D0%B0%D0%B2%D0%BE%D0%B4%D0%B0+%D0%9C%D0%BE%D1%81%D1%80%D0%B5%D0%BD%D1%82%D0%B3%D0%B5%D0%BD%2C+%D1%83%D0%BB%D0%B8%D1%86%D0%B0+%D0%93%D0%B5%D1%80%D0%BE%D1%8F+%D0%A0%D0%BE%D1%81%D1%81%D0%B8%D0%B8+%D0%A1%D0%BE%D0%BB%D0%BE%D0%BC%D0%B0%D1%82%D0%B8%D0%BD%D0%B0%2C+5&totalArea=60.0&roomsCount=3&offerId=312946294&floor=floorOther&repairType=repairTypeCosmetic,1980,Панельный,12,Индивидуальный проект,,Отсутствует,Центральное,Железобетонные,3,"6 пассажирских, 3 грузовых",3,168,Нет,Нет,Нет,Нет,На счете регионального оператора,85
"Москва, пос. Завода Мосрентген, проезд Музыкальный, 2",https://www.cian.ru/kalkulator-nedvizhimosti/?address=%D0%9C%D0%BE%D1%81%D0%BA%D0%B2%D0%B0%2C+%D0%BF%D0%BE%D1%81.+%D0%97%D0%B0%D0%B2%D0%BE%D0%B4%D0%B0+%D0%9C%D0%BE%D1%81%D1%80%D0%B5%D0%BD%D1%82%D0%B3%D0%B5%D0%BD%2C+%D0%BF%D1%80%D0%BE%D0%B5%D0%B7%D0%B4+%D0%9C%D1%83%D0%B7%D1%8B%D0%BA%D0%B0%D0%BB%D1%8C%D0%BD%D1%8B%D0%B9%2C+2&totalArea=63.0&roomsCount=3&offerId=309757665&floor=floorOne&repairType=repairTypeEuro,1982,Кирпичный,9,1-447,2.65,Отсутствует,Центральное,Другие,1,1 пассажирский,1,54,Нет,Нет,Да,Нет,На счете регионального оператора,86
"Москва, пос. Завода Мосрентген, 24",https://www.cian.ru/kalkulator-nedvizhimosti/?address=%D0%9C%D0%BE%D1%81%D0%BA%D0%B2%D0%B0%2C+%D0%BF%D0%BE%D1%81.+%D0%97%D0%B0%D0%B2%D0%BE%D0%B4%D0%B0+%D0%9C%D0%BE%D1%81%D1%80%D0%B5%D0%BD%D1%82%D0%B3%D0%B5%D0%BD%2C+24&totalArea=64.1&roomsCount=3&offerId=313274507&floor=floorOther&repairType=repairTypeCosmetic,1972,Блочный,12,II-18-01/12,2.64,Отсутствует,Центральное,Железобетонные,1,2 пассажирских,1,84,Нет,Нет,Нет,Нет,,87
"Москва, пос. Завода Мосрентген, 16",https://www.cian.ru/kalkulator-nedvizhimosti/?address=%D0%9C%D0%BE%D1%81%D0%BA%D0%B2%D0%B0%2C+%D0%BF%D0%BE%D1%81.+%D0%97%D0%B0%D0%B2%D0%BE%D0%B4%D0%B0+%D0%9C%D0%BE%D1%81%D1%80%D0%B5%D0%BD%D1%82%D0%B3%D0%B5%D0%BD%2C+16&totalArea=33.2&roomsCount=1&offerId=302189887&floor=floorOne&repairType=repairTypeCosmetic,1975,Кирпичный,9,1-447,2.65,Центральное,Центральное,Другие,1,1 пассажирский,1,54,Нет,Нет,Да,Нет,На счете регионального оператора,88
"Москва, пос. Завода Мосрентген, 15",https://www.cian.ru/kalkulator-nedvizhimosti/?address=%D0%9C%D0%BE%D1%81%D0%BA%D0%B2%D0%B0%2C+%D0%BF%D0%BE%D1%81.+%D0%97%D0%B0%D0%B2%D0%BE%D0%B4%D0%B0+%D0%9C%D0%BE%D1%81%D1%80%D0%B5%D0%BD%D1%82%D0%B3%D0%B5%D0%BD%2C+15&totalArea=60.3&roomsCount=3&offerId=309818928&floor=floorLast&repairType=repairTypeCosmetic,1976,Кирпичный,9,1-447,2.5,Центральное,Центральное,Железобетонные,1,1 пассажирский,1,54,Нет,Нет,Нет,Нет,,89
"Москва, улица Генерала Тюленева, 27",https://www.cian.ru/kalkulator-nedvizhimosti/?address=%D0%9C%D0%BE%D1%81%D0%BA%D0%B2%D0%B0%2C+%D1%83%D0%BB%D0%B8%D1%86%D0%B0+%D0%93%D0%B5%D0%BD%D0%B5%D1%80%D0%B0%D0%BB%D0%B0+%D0%A2%D1%8E%D0%BB%D0%B5%D0%BD%D0%B5%D0%B2%D0%B0%2C+27&totalArea=52.1&roomsCount=2&offerId=302329954&floor=floorOther&repairType=repairTypeCosmetic,1979,,16,,2.48,Отсутствует,Центральное,Другие,2,4 пассажирских,2,207,Нет,Нет,Да,Нет,На счете регионального оператора,90
"Москва, улица Теплый Стан, 9К6",https://www.cian.ru/kalkulator-nedvizhimosti/?address=%D0%9C%D0%BE%D1%81%D0%BA%D0%B2%D0%B0%2C+%D1%83%D0%BB%D0%B8%D1%86%D0%B0+%D0%A2%D0%B5%D0%BF%D0%BB%D1%8B%D0%B9+%D0%A1%D1%82%D0%B0%D0%BD%2C+9%D0%9A6&totalArea=60.1&roomsCount=3&offerId=312759234&floor=floorOther&repairType=repairTypeCosmetic,1988,,14,,2.64,Отсутствует,Центральное,Другие,2,4 пассажирских,2,110,Нет,Нет,Да,Нет,На счете регионального оператора,91
"Москва, улица Теплый Стан, 9К7",https://www.cian.ru/kalkulator-nedvizhimosti/?address=%D0%9C%D0%BE%D1%81%D0%BA%D0%B2%D0%B0%2C+%D1%83%D0%BB%D0%B8%D1%86%D0%B0+%D0%A2%D0%B5%D0%BF%D0%BB%D1%8B%D0%B9+%D0%A1%D1%82%D0%B0%D0%BD%2C+9%D0%9A7&totalArea=55.0&roomsCount=2&offerId=309582779&floor=floorTwo&repairType=repairTypeCosmetic,1978,,16,,2.48,Отсутствует,Центральное,Другие,4,8 пассажирских,4,249,Нет,Нет,Да,Нет,На счете регионального оператора,92
"Москва, улица Генерала Тюленева, 3",https://www.cian.ru/kalkulator-nedvizhimosti/?address=%D0%9C%D0%BE%D1%81%D0%BA%D0%B2%D0%B0%2C+%D1%83%D0%BB%D0%B8%D1%86%D0%B0+%D0%93%D0%B5%D0%BD%D0%B5%D1%80%D0%B0%D0%BB%D0%B0+%D0%A2%D1%8E%D0%BB%D0%B5%D0%BD%D0%B5%D0%B2%D0%B0%2C+3&totalArea=51.0&roomsCount=2&offerId=313645435&floor=floorOther&repairType=repairTypeCosmetic,1981,,16,,2.64,Отсутствует,Центральное,Другие,4,8 пассажирских,4,255,Нет,Нет,Да,Нет,На счете регионального оператора,93
"Москва, улица Генерала Тюленева, 23К1",https://www.cian.ru/kalkulator-nedvizhimosti/?address=%D0%9C%D0%BE%D1%81%D0%BA%D0%B2%D0%B0%2C+%D1%83%D0%BB%D0%B8%D1%86%D0%B0+%D0%93%D0%B5%D0%BD%D0%B5%D1%80%D0%B0%D0%BB%D0%B0+%D0%A2%D1%8E%D0%BB%D0%B5%D0%BD%D0%B5%D0%B2%D0%B0%2C+23%D0%9A1&totalArea=34.9&roomsCount=1&offerId=313640883&floor=floorOther&repairType=repairTypeCosmetic,1977,,16,,2.48,Отсутствует,Центральное,Железобетонные,2,4 пассажирских,2,207,Нет,Нет,Да,Нет,На счете регионального оператора,94
"Москва, улица Теплый Стан, 21К6",https://www.cian.ru/kalkulator-nedvizhimosti/?address=%D0%9C%D0%BE%D1%81%D0%BA%D0%B2%D0%B0%2C+%D1%83%D0%BB%D0%B8%D1%86%D0%B0+%D0%A2%D0%B5%D0%BF%D0%BB%D1%8B%D0%B9+%D0%A1%D1%82%D0%B0%D0%BD%2C+21%D0%9A6&totalArea=35.8&roomsCount=1&offerId=312986899&floor=floorOther&repairType=repairTypeCosmetic,1973,,9,,2.64,Центральное,Центральное,Другие,8,8 пассажирских,8,287,Нет,Нет,Да,Нет,На счете регионального оператора,95
"Москва, улица Теплый Стан, 6",https://www.cian.ru/kalkulator-nedvizhimosti/?address=%D0%9C%D0%BE%D1%81%D0%BA%D0%B2%D0%B0%2C+%D1%83%D0%BB%D0%B8%D1%86%D0%B0+%D0%A2%D0%B5%D0%BF%D0%BB%D1%8B%D0%B9+%D0%A1%D1%82%D0%B0%D0%BD%2C+6&totalArea=44.2&roomsCount=2&offerId=313426885&floor=floorOther&repairType=repairTypeCosmetic,1975,Панельный,9,,2.64,Центральное,Центральное,Железобетонные,4,4 пассажирских,,143,Нет,Нет,Нет,Нет,,96
"Москва, улица Теплый Стан, 12К4",https://www.cian.ru/kalkulator-nedvizhimosti/?address=%D0%9C%D0%BE%D1%81%D0%BA%D0%B2%D0%B0%2C+%D1%83%D0%BB%D0%B8%D1%86%D0%B0+%D0%A2%D0%B5%D0%BF%D0%BB%D1%8B%D0%B9+%D0%A1%D1%82%D0%B0%D0%BD%2C+12%D0%9A4&totalArea=49.8&roomsCount=3&offerId=313168066&floor=floorOther&repairType=repairTypeCosmetic,1975,,9,,2.64,Отсутствует,Центральное,Другие,8,8 пассажирских,8,288,Нет,Нет,Да,Нет,На счете регионального оператора,97
"Москва, улица Академика Варги, 18",https://www.cian.ru/kalkulator-nedvizhimosti/?address=%D0%9C%D0%BE%D1%81%D0%BA%D0%B2%D0%B0%2C+%D1%83%D0%BB%D0%B8%D1%86%D0%B0+%D0%90%D0%BA%D0%B0%D0%B4%D0%B5%D0%BC%D0%B8%D0%BA%D0%B0+%D0%92%D0%B0%D1%80%D0%B3%D0%B8%2C+18&totalArea=52.0&roomsCount=2&offerId=313728416&floor=floorOther&repairType=repairTypeWithout,1976,Панельный,16,ii-68,2.48,Отсутствует,Центральное,Другие,1,2 пассажирских,1,111,Нет,Нет,Да,Нет,На счете регионального оператора,98
"Москва, улица Академика Арцимовича, 2К2",https://www.cian.ru/kalkulator-nedvizhimosti/?address=%D0%9C%D0%BE%D1%81%D0%BA%D0%B2%D0%B0%2C+%D1%83%D0%BB%D0%B8%D1%86%D0%B0+%D0%90%D0%BA%D0%B0%D0%B4%D0%B5%D0%BC%D0%B8%D0%BA%D0%B0+%D0%90%D1%80%D1%86%D0%B8%D0%BC%D0%BE%D0%B2%D0%B8%D1%87%D0%B0%2C+2%D0%9A2&totalArea=43.0&roomsCount=2&offerId=313737828&floor=floorOther&repairType=repairTypeCosmetic,1967,Панельный,9,1605-АМ,2.5,Центральное,Центральное,Железобетонные,4,4 пассажирских,4,144,Нет,Нет,Да,Да,На специальном счете у регионального оператора,99
